Rank,Name,Platform,Year_of_Release,Genre,Publisher,NA_Sales,EU_Sales,JP_Sales,Other_Sales,Global_Sales
1,Wii Sports,Wii,2006,Sports,Nintendo,41.36,28.96,3.77,8.45,82.53
2,Super Mario Bros.,NES,1985,Platform,Nintendo,29.08,3.58,6.81,0.77,40.24
3,Mario Kart Wii,Wii,2008,Racing,Nintendo,15.68,12.76,3.79,3.29,35.52
4,Wii Sports Resort,Wii,2009,Sports,Nintendo,15.61,10.93,3.28,2.95,32.77
5,Pokemon Red/Pokemon Blue,GB,1996,Role-Playing,Nintendo,11.27,8.89,10.22,1,31.37
6,Tetris,GB,1989,Puzzle,Nintendo,23.2,2.26,4.22,0.58,30.26
7,New Super Mario Bros.,DS,2006,Platform,Nintendo,11.28,9.14,6.5,2.88,29.8
8,Wii Play,Wii,2006,Misc,Nintendo,13.96,9.18,2.93,2.84,28.92
9,New Super Mario Bros. Wii,Wii,2009,Platform,Nintendo,14.44,6.94,4.7,2.24,28.32
10,Duck Hunt,NES,1984,Shooter,Nintendo,26.93,0.63,0.28,0.47,28.31
11,Nintendogs,DS,2005,Simulation,Nintendo,9.05,10.95,1.93,2.74,24.67
12,Mario Kart DS,DS,2005,Racing,Nintendo,9.71,7.47,4.13,1.9,23.21
13,Pokemon Gold/Pokemon Silver,GB,1999,Role-Playing,Nintendo,9,6.18,7.2,0.71,23.1
14,Wii Fit,Wii,2007,Sports,Nintendo,8.92,8.03,3.6,2.15,22.7
15,Kinect Adventures!,X360,2010,Misc,Microsoft Game Studios,15,4.89,0.24,1.69,21.81
16,Wii Fit Plus,Wii,2009,Sports,Nintendo,9.01,8.49,2.53,1.77,21.79
17,Grand Theft Auto V,PS3,2013,Action,Take-Two Interactive,7.02,9.09,0.98,3.96,21.04
18,Grand Theft Auto: San Andreas,PS2,2004,Action,Take-Two Interactive,9.43,0.4,0.41,10.57,20.81
19,Super Mario World,SNES,1990,Platform,Nintendo,12.78,3.75,3.54,0.55,20.61
20,Brain Age: Train Your Brain in Minutes a Day,DS,2005,Misc,Nintendo,4.74,9.2,4.16,2.04,20.15
21,Pokemon Diamond/Pokemon Pearl,DS,2006,Role-Playing,Nintendo,6.38,4.46,6.04,1.36,18.25
22,Super Mario Land,GB,1989,Platform,Nintendo,10.83,2.71,4.18,0.42,18.14
23,Super Mario Bros. 3,NES,1988,Platform,Nintendo,9.54,3.44,3.84,0.46,17.28
24,Grand Theft Auto V,X360,2013,Action,Take-Two Interactive,9.66,5.14,0.06,1.41,16.27
25,Grand Theft Auto: Vice City,PS2,2002,Action,Take-Two Interactive,8.41,5.49,0.47,1.78,16.15
26,Pokemon Ruby/Pokemon Sapphire,GBA,2002,Role-Playing,Nintendo,6.06,3.9,5.38,0.5,15.85
27,Brain Age 2: More Training in Minutes a Day,DS,2005,Puzzle,Nintendo,3.43,5.35,5.32,1.18,15.29
28,Pokemon Black/Pokemon White,DS,2010,Role-Playing,Nintendo,5.51,3.17,5.65,0.8,15.14
29,Gran Turismo 3: A-Spec,PS2,2001,Racing,Sony Computer Entertainment,6.85,5.09,1.87,1.16,14.98
30,Call of Duty: Modern Warfare 3,X360,2011,Shooter,Activision,9.04,4.24,0.13,1.32,14.73
31,Pok√©mon Yellow: Special Pikachu Edition,GB,1998,Role-Playing,Nintendo,5.89,5.04,3.12,0.59,14.64
32,Call of Duty: Black Ops 3,PS4,2015,Shooter,Activision,6.03,5.86,0.36,2.38,14.63
33,Call of Duty: Black Ops,X360,2010,Shooter,Activision,9.7,3.68,0.11,1.13,14.61
34,Pokemon X/Pokemon Y,3DS,2013,Role-Playing,Nintendo,5.28,4.19,4.35,0.78,14.6
35,Call of Duty: Black Ops II,PS3,2012,Shooter,Activision,4.99,5.73,0.65,2.42,13.79
36,Call of Duty: Black Ops II,X360,2012,Shooter,Activision,8.25,4.24,0.07,1.12,13.67
37,Call of Duty: Modern Warfare 2,X360,2009,Shooter,Activision,8.52,3.59,0.08,1.28,13.47
38,Call of Duty: Modern Warfare 3,PS3,2011,Shooter,Activision,5.54,5.73,0.49,1.57,13.32
39,Grand Theft Auto III,PS2,2001,Action,Take-Two Interactive,6.99,4.51,0.3,1.3,13.1
40,Super Smash Bros. Brawl,Wii,2008,Fighting,Nintendo,6.62,2.55,2.66,1.01,12.84
41,Mario Kart 7,3DS,2011,Racing,Nintendo,5.03,4.02,2.69,0.91,12.66
42,Call of Duty: Black Ops,PS3,2010,Shooter,Activision,5.99,4.37,0.48,1.79,12.63
43,Grand Theft Auto V,PS4,2014,Action,Take-Two Interactive,3.96,6.31,0.38,1.97,12.61
44,Animal Crossing: Wild World,DS,2005,Simulation,Nintendo,2.5,3.45,5.33,0.86,12.13
45,Halo 3,X360,2007,Shooter,Microsoft Game Studios,7.97,2.81,0.13,1.21,12.12
46,Super Mario 64,N64,1996,Platform,Nintendo,6.91,2.85,1.91,0.23,11.89
47,Pokemon HeartGold/Pokemon SoulSilver,DS,2009,Action,Nintendo,4.34,2.71,3.96,0.76,11.77
48,Pokemon Omega Ruby/Pokemon Alpha Sapphire,3DS,2014,Role-Playing,Nintendo,4.35,3.49,3.1,0.74,11.68
49,Gran Turismo 4,PS2,2004,Racing,Sony Computer Entertainment,3.01,0.01,1.1,7.53,11.66